{
    "root_group": {
        "name": "",
        "path": "",
        "id": "d41d8cd98f00b204e9800998ecf8427e",
        "groups": {},
        "checks": {
                "status is 2xx": {
                    "name": "status is 2xx",
                    "path": "::status is 2xx",
                    "id": "625da780c1868b693c9052f10511e6a0",
                    "passes": 396,
                    "fails": 600
                }
            }
    },
    "metrics": {
        "http_req_duration{endpoint:post_transaction}": {
            "avg": 6224.426087951808,
            "min": 2345.8997,
            "med": 6084.0667,
            "max": 12033.9278,
            "p(90)": 7630.8101,
            "p(95)": 8902.430849999999,
            "thresholds": {
                "p(95)<150": true,
                "p(99)<400": true
            }
        },
        "http_req_duration{expected_response:true}": {
            "p(90)": 8110.025600000001,
            "p(95)": 9036.07158,
            "avg": 6008.508391435767,
            "min": 9.3602,
            "med": 5833.0476,
            "max": 12033.9278
        },
        "http_req_blocked": {
            "avg": 0.10522106318956868,
            "min": 0,
            "med": 0,
            "max": 5.4936,
            "p(90)": 0.4702,
            "p(95)": 0.9759
        },
        "http_req_receiving": {
            "p(95)": 249.17815999999888,
            "avg": 37.20664202607823,
            "min": 0,
            "med": 0,
            "max": 1344.7196,
            "p(90)": 1.0064599999999997
        },
        "http_req_connecting": {
            "avg": 0.0882091273821464,
            "min": 0,
            "med": 0,
            "max": 2.2841,
            "p(90)": 0,
            "p(95)": 0.7362
        },
        "http_reqs": {
            "count": 997,
            "rate": 15.59774555035666
        },
        "data_received": {
            "count": 865597,
            "rate": 13541.987718306993
        },
        "vus": {
            "min": 24,
            "max": 100,
            "value": 24
        },
        "iteration_duration": {
            "p(95)": 8904.04805,
            "avg": 6224.750716365463,
            "min": 2345.8997,
            "med": 6084.5646,
            "max": 12034.664,
            "p(90)": 7632.12385
        },
        "http_req_duration": {
            "med": 6082.6957,
            "max": 12033.9278,
            "p(90)": 7630.8101,
            "p(95)": 8902.415739999999,
            "avg": 6218.192320762287,
            "min": 9.3602
        },
        "http_req_tls_handshaking": {
            "avg": 0,
            "min": 0,
            "med": 0,
            "max": 0,
            "p(90)": 0,
            "p(95)": 0
        },
        "checks": {
            "passes": 396,
            "fails": 600,
            "value": 0.39759036144578314
        },
        "vus_max": {
            "value": 100,
            "min": 100,
            "max": 100
        },
        "http_req_failed": {
            "passes": 600,
            "fails": 397,
            "thresholds": {
                "rate<0.005": true
            },
            "value": 0.6018054162487463
        },
        "http_req_waiting": {
            "p(95)": 8902.415739999999,
            "avg": 6180.945259378139,
            "min": 5.8407,
            "med": 6066.7749,
            "max": 12033.2878,
            "p(90)": 7629.97144
        },
        "data_sent": {
            "count": 348457,
            "rate": 5451.498115587392
        },
        "iterations": {
            "count": 996,
            "rate": 15.582100870767535
        },
        "http_req_sending": {
            "med": 0,
            "max": 1.4123,
            "p(90)": 0,
            "p(95)": 0.50574,
            "avg": 0.040419358074222665,
            "min": 0
        }
    }
}